mysql> select * from employe
    -> where emp_id in (select emp_id from employe
    -> where salary > 40000);
+--------+----------+----------+-----------+--------+------+--------+
| emp_id | emp_name | emp_dept | emp_phno  | gender | age  | salary |
+--------+----------+----------+-----------+--------+------+--------+
|    105 | reshma   | cse      | 998940456 | f      |   32 |  45000 |
|    106 | hari     | ese      | 123409876 | m      |   36 |  45000 |
+--------+----------+----------+-----------+--------+------+--------+
2 rows in set (0.00 sec)

mysql> select * from employe where exists(select avg(salary) from employe);
+--------+----------+----------+-----------+--------+------+--------+
| emp_id | emp_name | emp_dept | emp_phno  | gender | age  | salary |
+--------+----------+----------+-----------+--------+------+--------+
|    101 | pavan    | ece      | 846570966 | f      |   25 |  25000 |
|    102 | sreeja   | ece      | 846570966 | m      |   28 |  30000 |
|    103 | praveen  | ece      | 846570966 | m      |   39 |  35000 |
|    104 | sai      | cse      | 846574079 | m      |   34 |  32000 |
|    105 | reshma   | cse      | 998940456 | f      |   32 |  45000 |
|    106 | hari     | ese      | 123409876 | m      |   36 |  45000 |
+--------+----------+----------+-----------+--------+------+--------+
6 rows in set (0.00 sec)